{"cameraMode":{"drawMode":0,"name":"Shaded","section":"Shading Mode"},"sceneLighting":true,"audioPlay":false,"sceneViewState":{"m_AlwaysRefresh":false,"showFog":true,"showSkybox":true,"showFlares":true,"showImageEffects":true,"showParticleSystems":true,"showVisualEffectGraphs":true,"m_FxEnabled":true},"in2DMode":false,"pivot":{"x":1.1513190269470215,"y":-3.016036033630371,"z":0.42942237854003909},"rotation":{"x":-0.050846878439188007,"y":0.8959766030311585,"z":-0.42818528413772585,"w":-0.10639921575784683},"size":8.898153305053711,"orthographic":false}