{"cameraMode":{"drawMode":0,"name":"Shaded","section":"Shading Mode"},"sceneLighting":true,"audioPlay":false,"sceneViewState":{"m_AlwaysRefresh":false,"showFog":true,"showSkybox":true,"showFlares":true,"showImageEffects":true,"showParticleSystems":true,"showVisualEffectGraphs":true,"m_FxEnabled":true},"in2DMode":false,"pivot":{"x":-0.5369644165039063,"y":-0.3985466957092285,"z":-1.3280644416809083},"rotation":{"x":-0.057690463960170749,"y":0.9397944808006287,"z":-0.2710663080215454,"w":-0.20001357793807984},"size":9.181045532226563,"orthographic":false}