{"cameraMode":{"drawMode":0,"name":"Shaded","section":"Shading Mode"},"sceneLighting":true,"audioPlay":false,"sceneViewState":{"m_AlwaysRefresh":false,"showFog":true,"showSkybox":true,"showFlares":true,"showImageEffects":true,"showParticleSystems":true,"showVisualEffectGraphs":true,"m_FxEnabled":true},"in2DMode":false,"pivot":{"x":2.2153897285461427,"y":2.807530403137207,"z":-7.520329475402832},"rotation":{"x":0.00129653827752918,"y":0.9309626221656799,"z":-0.36517199873924258,"w":0.003377199172973633},"size":1.8458080291748047,"orthographic":false}